,Date,Open,High,Low,Close,Adj Close,Volume,Profit
0,2013-12-31,54,54,53,54,54,43076200,0
1,2014-01-02,54,55,54,54,54,43195500,0
2,2014-01-03,55,55,54,54,54,38246200,-1
3,2014-01-06,54,57,54,57,57,68852600,3
4,2014-01-07,57,58,57,57,57,77207400,0
5,2014-01-08,57,58,57,58,58,56682400,1
6,2014-01-09,58,58,56,57,57,92253300,-1
7,2014-01-10,57,58,57,57,57,42449500,0
8,2014-01-13,57,58,55,55,55,63010900,-2
9,2014-01-14,56,57,56,57,57,37503600,1
10,2014-01-15,57,58,57,57,57,33663400,0
11,2014-01-16,57,58,56,57,57,34541800,0
12,2014-01-17,57,57,56,56,56,40849200,-1
13,2014-01-21,56,58,56,58,58,48669200,2
14,2014-01-22,58,59,57,57,57,61352900,-1
15,2014-01-23,56,56,55,56,56,47951800,0
16,2014-01-24,56,56,54,54,54,55200700,-2
17,2014-01-27,54,54,51,53,53,73924100,-1
18,2014-01-28,54,55,54,55,55,48191200,1
19,2014-01-29,54,54,53,53,53,92995600,-1
20,2014-01-30,62,62,60,61,61,150178900,-1
21,2014-01-31,60,63,60,62,62,87794600,2
22,2014-02-03,63,63,60,61,61,74866600,-2
23,2014-02-04,62,63,61,62,62,45985500,0
24,2014-02-05,62,63,61,62,62,51685100,0
25,2014-02-06,61,62,61,62,62,42086500,1
26,2014-02-07,62,64,62,64,64,60704300,2
27,2014-02-10,64,64,63,63,63,43666100,-1
28,2014-02-11,63,65,63,64,64,45675600,1
29,2014-02-12,64,65,64,64,64,47282100,0
30,2014-02-13,64,67,64,67,67,61911700,3
31,2014-02-14,67,67,66,67,67,36694900,0
32,2014-02-18,66,67,66,67,67,43809900,1
33,2014-02-19,67,69,67,68,68,62087100,1
34,2014-02-20,67,70,65,69,69,130928900,2
35,2014-02-21,69,69,68,68,68,70932400,-1
36,2014-02-24,68,71,68,70,70,76620300,2
37,2014-02-25,70,71,69,69,69,52077000,-1
38,2014-02-26,70,71,68,69,69,55322700,-1
39,2014-02-27,69,70,68,68,68,41653700,-1
40,2014-02-28,69,69,67,68,68,66783700,-1
41,2014-03-03,66,68,66,67,67,56824100,1
42,2014-03-04,68,68,67,68,68,42013500,0
43,2014-03-05,69,71,69,71,71,74567700,2
44,2014-03-06,71,71,70,70,70,46026500,-1
45,2014-03-07,71,71,69,69,69,38927000,-2
46,2014-03-10,70,72,70,72,72,59871600,2
47,2014-03-11,72,72,69,70,70,59408300,-2
48,2014-03-12,69,71,69,70,70,46340500,1
49,2014-03-13,71,71,68,68,68,57091000,-3
50,2014-03-14,68,69,67,67,67,48227000,-1
51,2014-03-17,68,68,66,68,68,52197000,0
52,2014-03-18,68,69,68,69,69,40827000,1
53,2014-03-19,69,69,67,68,68,43981000,-1
54,2014-03-20,68,68,66,66,66,44439000,-2
55,2014-03-21,67,67,66,67,67,59999900,0
56,2014-03-24,67,67,63,64,64,85696000,-3
57,2014-03-25,64,66,63,64,64,68786000,0
58,2014-03-26,64,64,60,60,60,97503900,-4
59,2014-03-27,60,61,57,60,60,112650000,0
60,2014-03-28,61,61,59,60,60,67052000,-1
61,2014-03-31,60,61,59,60,60,53011000,0
62,2014-04-01,60,62,60,62,62,59291000,2
63,2014-04-02,63,63,62,62,62,66277000,-1
64,2014-04-03,62,63,59,59,59,83859000,-3
65,2014-04-04,59,60,56,56,56,125214400,-3
66,2014-04-07,55,58,55,56,56,108488000,1
67,2014-04-08,57,58,57,58,58,78836000,1
68,2014-04-09,59,62,59,62,62,100215000,3
69,2014-04-10,63,63,58,59,59,114988000,-4
70,2014-04-11,57,60,57,58,58,91452000,1
71,2014-04-14,60,60,57,58,58,72325000,-2
72,2014-04-15,59,59,55,59,59,108623000,0
73,2014-04-16,59,60,57,59,59,78774000,0
74,2014-04-17,59,60,58,58,58,88040000,-1
75,2014-04-21,59,61,59,61,61,60364000,2
76,2014-04-22,62,63,62,63,63,60631000,1
77,2014-04-23,63,63,61,61,61,95908700,-2
78,2014-04-24,63,63,59,60,60,138769000,-3
79,2014-04-25,59,60,57,57,57,92502000,-2
80,2014-04-28,58,58,54,56,56,107758000,-2
81,2014-04-29,56,58,55,58,58,75557000,2
82,2014-04-30,57,59,57,59,59,76093000,2
83,2014-05-01,60,62,60,61,61,82429000,1
84,2014-05-02,61,61,60,60,60,54189000,-1
85,2014-05-05,59,61,59,61,61,46057000,2
86,2014-05-06,60,61,58,58,58,55901000,-2
87,2014-05-07,58,59,56,57,57,78587000,-1
88,2014-05-08,57,58,56,56,56,61251000,-1
89,2014-05-09,56,57,56,57,57,52584000,1
90,2014-05-12,57,59,57,59,59,48575000,2
91,2014-05-13,59,60,59,59,59,48525000,0
92,2014-05-14,59,60,58,59,59,47429000,0
93,2014-05-15,59,59,57,57,57,56814000,-2
94,2014-05-16,58,58,57,58,58,47933000,0
95,2014-05-19,57,59,57,59,59,43034000,2
96,2014-05-20,59,60,58,58,58,53931000,-1
97,2014-05-21,58,60,58,60,60,58992000,2
98,2014-05-22,60,61,60,60,60,54200000,0
99,2014-05-23,60,61,60,61,61,38294000,1
100,2014-05-27,61,63,61,63,63,55682000,2
101,2014-05-28,63,64,62,63,63,47795000,0
102,2014-05-29,63,64,63,63,63,42700000,0
103,2014-05-30,63,64,62,63,63,45253500,0
104,2014-06-02,63,63,62,63,63,35996000,0
105,2014-06-03,62,63,62,62,62,32217000,0
106,2014-06-04,62,63,62,63,63,36514000,1
107,2014-06-05,63,64,62,63,63,47352000,0
108,2014-06-06,63,63,62,62,62,42442000,-1
109,2014-06-09,62,63,61,62,62,37617000,0
110,2014-06-10,63,65,63,65,65,69338000,2
111,2014-06-11,65,65,64,65,65,44242000,0
112,2014-06-12,65,66,64,64,64,55730000,-1
113,2014-06-13,64,64,63,64,64,29419000,0
114,2014-06-16,64,64,63,64,64,31046000,0
115,2014-06-17,64,64,63,64,64,27715000,0
116,2014-06-18,64,65,64,65,65,35570000,1
117,2014-06-19,65,65,64,64,64,34245000,-1
118,2014-06-20,64,64,63,64,64,46466000,0
119,2014-06-23,64,65,64,65,65,34560000,1
120,2014-06-24,65,67,65,65,65,57335000,0
121,2014-06-25,65,67,65,67,67,44308000,2
122,2014-06-26,68,68,66,67,67,47714000,-1
123,2014-06-27,67,67,66,67,67,46461000,0
124,2014-06-30,67,67,67,67,67,27102800,0
125,2014-07-01,67,68,67,68,68,33243000,1
126,2014-07-02,68,68,65,66,66,41895000,-2
127,2014-07-03,66,67,65,66,66,25203200,0
128,2014-07-07,66,66,65,65,65,28745000,-1
129,2014-07-08,65,65,62,62,62,68926000,-3
130,2014-07-09,63,65,63,64,64,51432000,1
131,2014-07-10,63,65,63,64,64,44422000,1
132,2014-07-11,65,66,64,66,66,39212000,1
133,2014-07-14,67,68,66,67,67,38537000,0
134,2014-07-15,67,68,66,67,67,44213200,0
135,2014-07-16,67,67,67,67,67,29541600,0
136,2014-07-17,67,67,66,66,66,38188000,-1
137,2014-07-18,66,68,66,68,68,42456000,2
138,2014-07-21,68,69,68,69,69,49539000,1
139,2014-07-22,69,69,68,69,69,40398000,0
140,2014-07-23,69,71,69,71,71,78435000,2
141,2014-07-24,75,76,74,74,74,124168000,-1
142,2014-07-25,74,75,74,75,75,45917000,1
143,2014-07-28,75,75,73,74,74,41725000,-1
144,2014-07-29,74,74,73,73,73,41324000,-1
145,2014-07-30,74,75,74,74,74,36853000,0
146,2014-07-31,74,74,72,72,72,43992000,-2
147,2014-08-01,72,73,71,72,72,43535000,0
148,2014-08-04,72,73,72,73,73,30777000,1
149,2014-08-05,73,73,72,72,72,34986000,-1
150,2014-08-06,72,73,71,72,72,30986000,0
151,2014-08-07,73,74,72,73,73,38141000,0
152,2014-08-08,73,73,72,73,73,27202000,0
153,2014-08-11,73,73,73,73,73,24591000,0
154,2014-08-12,73,73,72,72,72,27419000,-1
155,2014-08-13,73,74,73,73,73,29266000,0
156,2014-08-14,73,74,73,74,74,22207000,1
157,2014-08-15,74,74,73,73,73,38846600,-1
158,2014-08-18,74,74,73,74,74,23974000,0
159,2014-08-19,74,75,74,75,75,26679000,1
160,2014-08-20,74,75,74,74,74,22917000,0
161,2014-08-21,74,75,74,74,74,20102000,0
162,2014-08-22,74,74,73,74,74,20897000,0
163,2014-08-25,74,75,74,75,75,19734000,1
164,2014-08-26,75,75,74,75,75,23993000,0
165,2014-08-27,75,75,74,74,74,36323000,-1
166,2014-08-28,74,74,73,73,73,21947000,-1
167,2014-08-29,74,74,74,74,74,26241000,0
168,2014-09-02,75,76,74,76,76,34979000,1
169,2014-09-03,77,77,75,75,75,32389000,-2
170,2014-09-04,75,76,75,75,75,26676000,0
171,2014-09-05,76,77,75,77,77,29476000,1
172,2014-09-08,77,78,77,77,77,28183000,0
173,2014-09-09,77,78,76,76,76,28882000,-1
174,2014-09-10,76,77,76,77,77,29909000,1
175,2014-09-11,77,78,77,77,77,32219000,0
176,2014-09-12,78,78,77,77,77,26676800,-1
177,2014-09-15,77,77,73,74,74,49679000,-3
178,2014-09-16,73,76,73,76,76,37742000,3
179,2014-09-17,75,77,75,76,76,28693000,1
180,2014-09-18,76,77,76,77,77,23031000,1
181,2014-09-19,77,78,76,77,77,76671000,0
182,2014-09-22,77,77,75,76,76,31961000,-1
183,2014-09-23,76,78,76,78,78,36814000,2
184,2014-09-24,78,78,77,78,78,30680000,0
185,2014-09-25,78,78,77,77,77,37533000,-1
186,2014-09-26,77,78,77,78,78,28872000,1
187,2014-09-29,78,79,77,79,79,34031000,1
188,2014-09-30,79,79,78,79,79,35899000,0
189,2014-10-01,78,78,75,76,76,55090000,-2
190,2014-10-02,76,77,75,77,77,36488000,1
191,2014-10-03,77,78,77,77,77,23340000,0
192,2014-10-06,77,77,76,77,77,25729000,0
193,2014-10-07,77,77,76,76,76,25317000,-1
194,2014-10-08,76,77,75,77,77,32976000,1
195,2014-10-09,77,77,75,75,75,32487000,-2
196,2014-10-10,75,76,72,72,72,52146000,-3
197,2014-10-13,73,74,72,72,72,43938000,-1
198,2014-10-14,74,74,72,73,73,50299000,-1
199,2014-10-15,71,73,70,73,73,61528000,2
200,2014-10-16,70,73,70,72,72,53529000,2
201,2014-10-17,74,76,73,75,75,76342000,1
202,2014-10-20,75,77,75,76,76,34701000,1
203,2014-10-21,77,78,77,78,78,32252000,1
204,2014-10-22,78,79,78,78,78,41862000,0
205,2014-10-23,79,80,79,80,80,35056000,1
206,2014-10-24,80,80,79,80,80,32248000,0
207,2014-10-27,80,80,79,80,80,30169000,0
208,2014-10-28,80,81,79,80,80,74212000,0
209,2014-10-29,75,76,74,75,75,106120000,0
210,2014-10-30,75,75,72,74,74,83270000,-1
211,2014-10-31,74,75,74,74,74,44544000,0
212,2014-11-03,75,75,73,73,73,40727000,-2
213,2014-11-04,74,75,73,75,75,39326000,1
214,2014-11-05,76,76,74,74,74,35913000,-2
215,2014-11-06,74,75,74,75,75,21383000,1
216,2014-11-07,75,75,75,75,75,20774000,0
217,2014-11-10,75,75,74,75,75,21575100,0
218,2014-11-11,74,74,74,74,74,18715700,0
219,2014-11-12,74,75,73,74,74,26536600,0
220,2014-11-13,74,75,73,74,74,26448500,0
221,2014-11-14,74,74,74,74,74,19476900,0
222,2014-11-17,74,75,73,74,74,28701200,0
223,2014-11-18,74,74,73,74,74,20690500,0
224,2014-11-19,74,74,73,73,73,25441200,-1
225,2014-11-20,72,73,72,73,73,19154900,1
226,2014-11-21,74,74,73,73,73,23060400,-1
227,2014-11-24,73,74,73,74,74,22103800,1
228,2014-11-25,74,75,74,75,75,32250200,1
229,2014-11-26,75,77,75,77,77,32695300,2
230,2014-11-28,77,78,77,77,77,15992000,0
231,2014-12-01,77,77,74,75,75,31789900,-2
232,2014-12-02,75,75,75,75,75,16773900,0
233,2014-12-03,75,75,74,74,74,16689900,-1
234,2014-12-04,74,75,74,75,75,14362800,1
235,2014-12-05,75,76,75,76,76,24306400,1
236,2014-12-08,76,77,75,76,76,25733900,0
237,2014-12-09,75,76,74,76,76,25358600,1
238,2014-12-10,76,77,76,76,76,32210500,0
239,2014-12-11,76,78,76,77,77,33462100,1
240,2014-12-12,77,78,77,77,77,28091600,0
241,2014-12-15,78,78,76,76,76,29396500,-2
242,2014-12-16,76,77,74,74,74,31554600,-2
243,2014-12-17,75,76,74,76,76,29203900,1
244,2014-12-18,76,78,76,78,78,34222100,2
245,2014-12-19,78,80,78,79,79,43335000,1
246,2014-12-22,80,81,80,81,81,31395800,1
247,2014-12-23,82,82,80,80,80,19865800,-2
248,2014-12-24,81,81,80,80,80,7685500,-1
249,2014-12-26,81,81,80,80,80,10647400,-1
250,2014-12-29,80,80,79,80,80,14134700,0
251,2014-12-30,79,80,79,79,79,14370800,0
252,2014-12-31,79,79,77,78,78,19935400,-1
253,2015-01-02,78,78,77,78,78,18177500,0
254,2015-01-05,77,79,76,77,77,26452200,0
255,2015-01-06,77,77,75,76,76,27399300,-1
256,2015-01-07,76,77,75,76,76,22045300,0
257,2015-01-08,76,78,76,78,78,23961000,2
258,2015-01-09,78,78,77,77,77,21157000,-1
259,2015-01-12,77,78,76,76,76,19190200,-1
260,2015-01-13,77,78,75,76,76,25179600,-1
261,2015-01-14,76,77,76,76,76,25741000,0
262,2015-01-15,76,76,73,74,74,34134000,-2
263,2015-01-16,74,75,73,75,75,21791500,1
264,2015-01-20,75,76,74,76,76,22821600,1
265,2015-01-21,76,77,75,76,76,25096700,0
266,2015-01-22,77,77,76,77,77,19519500,0
267,2015-01-23,77,78,77,77,77,16746500,0
268,2015-01-26,77,78,77,77,77,19260800,0
269,2015-01-27,76,76,75,75,75,20110000,-1
270,2015-01-28,76,77,76,76,76,53306400,0
271,2015-01-29,76,78,74,78,78,61293500,2
272,2015-01-30,78,78,75,75,75,42649500,-3
273,2015-02-02,76,76,73,74,74,41955300,-2
274,2015-02-03,75,75,73,75,75,26957700,0
275,2015-02-04,75,76,75,75,75,20277400,0
276,2015-02-05,75,75,75,75,75,15062600,0
277,2015-02-06,75,75,74,74,74,21211000,-1
278,2015-02-09,74,74,73,74,74,16194300,0
279,2015-02-10,74,75,74,75,75,15811300,1
280,2015-02-11,75,76,75,76,76,20877400,1
281,2015-02-12,76,76,75,76,76,17235000,0
282,2015-02-13,76,76,75,75,75,18621900,-1
283,2015-02-17,75,76,75,75,75,25254400,0
284,2015-02-18,75,76,75,76,76,22426400,1
285,2015-02-19,76,79,76,79,79,45851200,3
286,2015-02-20,79,80,79,79,79,36931700,0
287,2015-02-23,79,80,78,78,78,24139100,-1
288,2015-02-24,78,79,78,78,78,18897100,0
289,2015-02-25,78,80,78,79,79,25593800,1
290,2015-02-26,79,81,79,80,80,31111900,1
291,2015-02-27,80,81,78,78,78,30739200,-2
292,2015-03-02,79,79,78,79,79,21662500,0
293,2015-03-03,79,79,78,79,79,18635000,0
294,2015-03-04,79,81,78,80,80,28126700,1
295,2015-03-05,81,81,81,81,81,27825700,0
296,2015-03-06,80,81,79,80,80,24488600,0
297,2015-03-09,79,79,78,79,79,18925100,0
298,2015-03-10,78,79,77,77,77,23067100,-1
299,2015-03-11,77,78,77,77,77,20215700,0
300,2015-03-12,78,79,77,78,78,16093300,0
301,2015-03-13,78,79,77,78,78,18557300,0
302,2015-03-16,77,78,77,78,78,19305400,1
303,2015-03-17,78,79,78,79,79,22170000,1
304,2015-03-18,79,81,79,80,80,36912400,1
305,2015-03-19,81,83,81,82,82,42099500,1
306,2015-03-20,83,84,83,83,83,44466300,0
307,2015-03-23,83,84,83,84,84,27357300,1
308,2015-03-24,84,86,84,85,85,32576500,1
309,2015-03-25,85,85,82,82,82,37436100,-3
310,2015-03-26,82,83,82,83,83,32794800,1
311,2015-03-27,83,83,82,83,83,18372600,0
312,2015-03-30,83,84,82,83,83,24527700,0
313,2015-03-31,82,83,82,82,82,19734300,0
314,2015-04-01,82,82,80,81,81,22058200,-1
315,2015-04-02,82,82,81,81,81,19664100,-1
316,2015-04-06,80,82,80,82,82,19062900,2
317,2015-04-07,82,83,82,82,82,17467000,0
318,2015-04-08,82,83,81,82,82,18966700,0
319,2015-04-09,82,82,81,82,82,15927300,0
320,2015-04-10,82,82,81,82,82,12529700,0
321,2015-04-13,81,83,81,83,83,26883100,2
322,2015-04-14,83,83,82,83,83,19634200,0
323,2015-04-15,83,83,82,82,82,22390900,-1
324,2015-04-16,82,83,82,82,82,13769700,0
325,2015-04-17,81,82,80,80,80,24215000,-1
326,2015-04-20,81,83,81,83,83,28796800,2
327,2015-04-21,84,84,83,83,83,27171900,-1
328,2015-04-22,84,84,83,84,84,45548000,0
329,2015-04-23,84,85,82,82,82,73728100,-2
330,2015-04-24,82,82,81,81,81,29660400,-1
331,2015-04-27,81,82,81,81,81,25446000,0
332,2015-04-28,81,81,80,80,80,23775300,-1
333,2015-04-29,80,81,79,80,80,26430300,0
334,2015-04-30,80,80,78,78,78,28999000,-2
335,2015-05-01,79,79,78,78,78,24136400,-1
336,2015-05-04,79,79,78,78,78,14692000,-1
337,2015-05-05,78,78,77,77,77,22311300,-1
338,2015-05-06,77,78,77,78,78,28663000,1
339,2015-05-07,78,78,77,78,78,19749400,0
340,2015-05-08,79,79,78,78,78,19943600,-1
341,2015-05-11,78,79,77,78,78,18874100,0
342,2015-05-12,77,77,76,77,77,21285300,0
343,2015-05-13,77,78,77,78,78,21512300,1
344,2015-05-14,78,81,78,81,81,49438000,3
345,2015-05-15,81,81,80,80,80,27069900,-1
346,2015-05-18,80,81,80,80,80,21613700,0
347,2015-05-19,81,81,80,80,80,17955400,-1
348,2015-05-20,80,81,79,80,80,23056900,0
349,2015-05-21,80,80,80,80,80,13402700,0
350,2015-05-22,80,81,80,80,80,19567900,0
351,2015-05-26,80,80,79,79,79,16321300,-1
352,2015-05-27,79,80,79,80,80,14160900,1
353,2015-05-28,80,81,80,80,80,11982000,0
354,2015-05-29,79,80,78,79,79,16134600,0
355,2015-06-01,79,80,78,80,80,18119000,1
356,2015-06-02,79,81,79,80,80,18923300,1
357,2015-06-03,81,82,81,82,82,31594700,1
358,2015-06-04,82,82,81,82,82,20863900,0
359,2015-06-05,81,82,81,82,82,16143100,1
360,2015-06-08,81,82,80,80,80,16915500,-1
361,2015-06-09,80,81,79,80,80,16497500,0
362,2015-06-10,80,82,80,82,82,21531200,2
363,2015-06-11,82,82,81,81,81,18656800,-1
364,2015-06-12,81,82,81,81,81,11417900,0
365,2015-06-15,80,80,80,80,80,18805100,0
366,2015-06-16,80,81,80,81,81,13693700,1
367,2015-06-17,81,82,81,81,81,18350300,0
368,2015-06-18,81,83,81,82,82,26782600,1
369,2015-06-19,82,82,82,82,82,23353200,0
370,2015-06-22,83,84,83,84,84,29383100,1
371,2015-06-23,84,87,84,87,87,50667900,3
372,2015-06-24,87,89,87,88,88,41370200,1
373,2015-06-25,89,89,87,87,87,27302000,-2
374,2015-06-26,88,88,86,88,88,38214600,0
375,2015-06-29,86,87,85,85,85,35957900,-1
376,2015-06-30,86,86,85,85,85,23016500,-1
377,2015-07-01,86,87,86,86,86,25260000,0
378,2015-07-02,87,87,86,87,87,16908800,0
379,2015-07-06,86,88,86,87,87,24635900,1
380,2015-07-07,87,87,85,87,87,33059900,0
381,2015-07-08,86,86,85,85,85,24399300,-1
382,2015-07-09,86,87,85,85,85,23144200,-1
383,2015-07-10,87,88,86,87,87,23245900,0
384,2015-07-13,88,90,88,90,90,29976700,2
385,2015-07-14,90,90,89,89,89,26627800,-1
386,2015-07-15,90,90,89,89,89,30886600,-1
387,2015-07-16,90,90,89,90,90,21804100,0
388,2015-07-17,92,95,92,94,94,54001600,2
389,2015-07-20,95,98,95,97,97,54860500,2
390,2015-07-21,98,99,97,98,98,39453300,0
391,2015-07-22,96,97,95,97,97,28299500,1
392,2015-07-23,96,97,94,95,95,29418800,-1
393,2015-07-24,97,97,95,96,96,33444900,-1
394,2015-07-27,96,96,93,94,94,38585400,-2
395,2015-07-28,94,95,93,95,95,35236000,1
396,2015-07-29,96,97,94,96,96,64648300,0
397,2015-07-30,94,95,91,95,95,86211300,1
398,2015-07-31,94,96,93,94,94,46509000,0
399,2015-08-03,93,95,92,94,94,29343100,1
400,2015-08-04,93,94,93,94,94,20136000,1
401,2015-08-05,95,97,95,96,96,29813200,1
402,2015-08-06,97,98,94,95,95,42271300,-2
403,2015-08-07,95,95,93,94,94,23199100,-1
404,2015-08-10,95,95,93,94,94,21624200,-1
405,2015-08-11,93,94,92,93,93,22491000,0
406,2015-08-12,92,94,91,94,94,27050500,2
407,2015-08-13,94,94,93,93,93,17451800,-1
408,2015-08-14,93,94,93,94,94,15929700,1
409,2015-08-17,94,94,93,93,93,18313500,-1
410,2015-08-18,94,95,94,95,95,22278800,1
411,2015-08-19,94,96,94,95,95,23156500,1
412,2015-08-20,93,94,90,90,90,44598200,-3
413,2015-08-21,87,89,85,86,86,62778700,-1
414,2015-08-24,77,82,72,82,82,83710700,5
415,2015-08-25,86,87,83,83,83,52021200,-3
416,2015-08-26,85,87,83,87,87,45124300,2
417,2015-08-27,89,90,87,89,89,42431400,0
418,2015-08-28,89,91,89,91,91,33215900,2
419,2015-08-31,90,91,88,89,89,32850700,-1
420,2015-09-01,86,89,86,87,87,36097400,1
421,2015-09-02,88,89,87,89,89,27190500,1
422,2015-09-03,89,89,87,88,88,27048200,-1
423,2015-09-04,87,88,86,88,88,27328700,1
424,2015-09-08,89,90,88,89,89,27012500,0
425,2015-09-09,90,91,90,90,90,32551100,0
426,2015-09-10,90,92,89,91,91,26437400,1
427,2015-09-11,91,92,91,92,92,21185000,1
428,2015-09-14,92,92,91,92,92,20127900,0
429,2015-09-15,92,93,91,92,92,18859400,0
430,2015-09-16,92,93,92,93,93,16321200,1
431,2015-09-17,93,95,92,94,94,27841800,1
432,2015-09-18,93,95,93,94,94,62300000,1
433,2015-09-21,94,96,94,95,95,28790000,1
434,2015-09-22,93,94,91,92,92,36888900,-1
435,2015-09-23,93,94,92,93,93,21701400,0
436,2015-09-24,93,94,92,94,94,29106000,1
437,2015-09-25,95,95,92,92,92,28961600,-3
438,2015-09-28,92,92,88,89,89,41199900,-3
439,2015-09-29,89,90,85,86,86,42281800,-3
440,2015-09-30,88,90,88,89,89,36169100,1
441,2015-10-01,90,90,88,90,90,29283700,0
442,2015-10-02,88,92,88,92,92,37881700,4
443,2015-10-05,92,94,92,94,94,27292500,2
444,2015-10-06,94,94,92,92,92,22172800,-2
445,2015-10-07,93,93,91,92,92,24129300,-1
446,2015-10-08,91,93,90,92,92,27290500,1
447,2015-10-09,92,93,92,93,93,20012900,1
448,2015-10-12,93,94,92,94,94,18449600,1
449,2015-10-13,93,95,93,94,94,19480300,1
450,2015-10-14,94,95,93,94,94,19253400,0
451,2015-10-15,94,96,94,95,95,27557500,1
452,2015-10-16,96,97,95,97,97,25412900,1
453,2015-10-19,97,98,96,98,98,23729900,1
454,2015-10-20,98,99,96,97,97,30700500,-1
455,2015-10-21,97,98,96,97,97,21917800,0
456,2015-10-22,97,99,97,99,99,26392100,2
457,2015-10-23,101,102,100,102,102,42809700,1
458,2015-10-26,102,103,101,103,103,25961200,1
459,2015-10-27,102,104,102,103,103,23795500,1
460,2015-10-28,103,104,102,104,104,24081500,1
461,2015-10-29,103,105,103,104,104,20316700,1
462,2015-10-30,104,104,101,101,101,33487100,-3
463,2015-11-02,101,103,101,103,103,24003900,2
464,2015-11-03,103,103,102,102,102,21242300,-1
465,2015-11-04,103,104,102,103,103,43469300,0
466,2015-11-05,108,110,107,108,108,63232900,0
467,2015-11-06,108,108,105,107,107,35084300,-1
468,2015-11-09,107,108,105,106,106,26383500,-1
469,2015-11-10,105,108,105,107,107,25031700,2
470,2015-11-11,108,109,107,109,109,25057100,1
471,2015-11-12,108,109,108,108,108,20924700,0
472,2015-11-13,107,108,103,103,103,30278400,-4
473,2015-11-16,103,104,100,104,104,49309200,1
474,2015-11-17,104,106,104,105,105,26807200,1
475,2015-11-18,105,107,105,107,107,23836500,2
476,2015-11-19,107,107,105,106,106,25520600,-1
477,2015-11-20,106,107,106,107,107,22129600,1
478,2015-11-23,107,107,106,106,106,19897200,-1
479,2015-11-24,106,106,104,105,105,23577300,-1
480,2015-11-25,106,106,105,105,105,15150800,-1
481,2015-11-27,105,105,104,105,105,5913100,0
482,2015-11-30,105,106,103,104,104,20383200,-1
483,2015-12-01,104,107,104,107,107,22781900,3
484,2015-12-02,107,107,105,106,106,24429100,-1
485,2015-12-03,106,106,103,104,104,23236500,-2
486,2015-12-04,104,107,104,106,106,21224700,2
487,2015-12-07,106,106,104,105,105,15474900,-1
488,2015-12-08,104,106,103,106,106,20401800,2
489,2015-12-09,106,106,103,104,104,23517300,-2
490,2015-12-10,105,106,104,105,105,17414500,0
491,2015-12-11,104,104,101,102,102,26427700,-2
492,2015-12-14,102,104,101,104,104,24648100,2
493,2015-12-15,105,105,104,104,104,21764300,-1
494,2015-12-16,105,107,104,106,106,22680500,1
495,2015-12-17,107,107,106,106,106,21675700,-1
496,2015-12-18,106,106,103,104,104,35994200,-2
497,2015-12-21,104,105,103,104,104,16138800,0
498,2015-12-22,105,105,104,105,105,14597100,0
499,2015-12-23,105,106,103,104,104,19599700,-1
500,2015-12-24,104,105,104,105,105,6501800,1
501,2015-12-28,105,105,104,105,105,13069700,0
502,2015-12-29,106,107,106,107,107,17179900,1
503,2015-12-30,107,107,106,106,106,13115000,-1
504,2015-12-31,106,106,104,104,104,18298700,-2
505,2016-01-04,101,102,99,102,102,37912400,1
506,2016-01-05,102,103,101,102,102,23258200,0
507,2016-01-06,101,103,100,102,102,25096200,1
508,2016-01-07,100,101,97,97,97,45172900,-3
509,2016-01-08,99,100,97,97,97,35402300,-2
510,2016-01-11,97,98,95,97,97,29932400,0
511,2016-01-12,99,99,97,99,99,28395400,0
512,2016-01-13,100,100,95,95,95,33410600,-5
513,2016-01-14,95,98,92,98,98,48658600,3
514,2016-01-15,93,96,93,94,94,45935600,1
515,2016-01-19,96,97,93,95,95,30998300,-1
516,2016-01-20,92,95,89,94,94,59051400,2
517,2016-01-21,94,95,92,94,94,30518900,0
518,2016-01-22,96,98,95,97,97,30495400,1
519,2016-01-25,98,99,96,97,97,32482000,-1
520,2016-01-26,97,97,95,97,97,26877100,0
521,2016-01-27,97,97,94,94,94,58699400,-3
522,2016-01-28,107,110,104,109,109,107475300,2
523,2016-01-29,108,112,108,112,112,62739500,4
524,2016-02-01,112,115,112,115,115,46132700,3
525,2016-02-02,114,117,113,114,114,59778600,0
526,2016-02-03,115,115,109,112,112,56919300,-3
527,2016-02-04,111,111,109,110,110,38890200,-1
528,2016-02-05,109,109,103,104,104,76894700,-5
529,2016-02-08,100,102,97,99,99,71229700,-1
530,2016-02-09,97,102,96,99,99,62709000,2
531,2016-02-10,101,103,100,101,101,45179400,0
532,2016-02-11,99,105,98,101,101,43670600,2
533,2016-02-12,103,104,101,102,102,36176800,-1
534,2016-02-16,103,103,100,101,101,45687200,-2
535,2016-02-17,102,105,100,105,105,44073400,3
536,2016-02-18,105,106,103,103,103,29593500,-2
537,2016-02-19,102,105,102,104,104,32404500,2
538,2016-02-22,105,108,105,107,107,35709700,2
539,2016-02-23,106,107,105,105,105,25319300,-1
540,2016-02-24,104,106,102,106,106,34412400,2
541,2016-02-25,107,108,105,108,108,29906300,1
542,2016-02-26,108,109,107,107,107,26686200,-1
543,2016-02-29,107,108,106,106,106,32779000,-1
544,2016-03-01,107,109,107,109,109,26817300,2
545,2016-03-02,109,110,108,109,109,25670200,0
546,2016-03-03,110,110,108,109,109,21353100,-1
547,2016-03-04,110,110,107,108,108,24938900,-2
548,2016-03-07,108,108,104,105,105,31436400,-3
549,2016-03-08,104,107,104,105,105,25617000,1
550,2016-03-09,106,107,105,107,107,20493300,1
551,2016-03-10,107,108,105,107,107,24854300,0
552,2016-03-11,108,109,107,109,109,20697600,1
553,2016-03-14,109,110,108,109,109,17249400,0
554,2016-03-15,109,110,108,110,110,17618500,1
555,2016-03-16,110,112,110,112,112,24744800,2
556,2016-03-17,112,112,110,111,111,24241200,-1
557,2016-03-18,111,112,110,111,111,36256900,0
558,2016-03-21,111,112,111,111,111,18448000,0
559,2016-03-22,111,112,111,112,112,19001100,1
560,2016-03-23,112,113,112,112,112,18562000,0
561,2016-03-24,112,113,111,113,113,17839100,1
562,2016-03-28,113,114,112,113,113,21351800,0
563,2016-03-29,113,116,113,116,116,29825300,3
564,2016-03-30,116,116,114,114,114,33235200,-2
565,2016-03-31,114,115,113,114,114,21207500,0
566,2016-04-01,113,116,113,116,116,24760500,3
567,2016-04-04,114,114,111,112,112,48487900,-2
568,2016-04-05,112,113,111,112,112,22962400,0
569,2016-04-06,112,113,112,113,113,20814600,1
570,2016-04-07,113,114,113,113,113,20714500,0
571,2016-04-08,114,114,109,110,110,48497800,-4
572,2016-04-11,110,110,108,108,108,39762300,-2
573,2016-04-12,109,111,108,110,110,26248100,1
574,2016-04-13,112,112,106,110,110,88227400,-2
575,2016-04-14,110,112,110,110,110,28473300,0
576,2016-04-15,110,110,109,109,109,20922800,-1
577,2016-04-18,109,110,109,110,110,21092700,1
578,2016-04-19,111,112,109,112,112,30210500,1
579,2016-04-20,112,113,111,112,112,21027900,0
580,2016-04-21,112,114,112,113,113,20875200,1
581,2016-04-22,111,111,109,110,110,38458200,-1
582,2016-04-25,109,110,109,110,110,21017900,1
583,2016-04-26,110,110,108,108,108,22521500,-2
584,2016-04-27,107,108,106,108,108,52213100,1
585,2016-04-28,119,120,116,116,116,87110100,-3
586,2016-04-29,116,117,115,117,117,37140600,1
587,2016-05-02,117,118,116,118,118,28095200,1
588,2016-05-03,117,118,117,117,117,24117500,0
589,2016-05-04,116,118,116,118,118,23448400,2
590,2016-05-05,118,118,117,117,117,22056700,-1
591,2016-05-06,117,119,117,119,119,26216200,2
592,2016-05-09,119,120,118,119,119,21138100,0
593,2016-05-10,119,120,119,120,120,23220000,1
594,2016-05-11,120,121,119,119,119,22038400,-1
595,2016-05-12,119,120,118,120,120,22035500,1
596,2016-05-13,120,120,119,119,119,18124300,-1
597,2016-05-16,119,119,117,118,118,31247800,-1
598,2016-05-17,118,119,117,117,117,21328600,-1
599,2016-05-18,116,118,116,117,117,21642300,1
600,2016-05-19,117,117,115,116,116,20544100,-1
601,2016-05-20,116,117,116,117,117,18944800,1
602,2016-05-23,117,117,115,115,115,20441000,-2
603,2016-05-24,116,117,116,117,117,20183600,1
604,2016-05-25,118,118,117,117,117,20019800,-1
605,2016-05-26,118,119,117,119,119,18481300,1
606,2016-05-27,119,119,119,119,119,13464400,0
607,2016-05-31,119,120,118,118,118,23547600,-1
608,2016-06-01,118,119,117,118,118,15029500,0
609,2016-06-02,118,119,118,118,118,13228300,0
610,2016-06-03,118,118,117,118,118,14135100,0
611,2016-06-06,118,119,118,118,118,12744700,0
612,2016-06-07,119,119,117,117,117,17103000,-2
613,2016-06-08,117,118,117,118,118,14505600,1
614,2016-06-09,118,118,117,118,118,13859200,0
615,2016-06-10,117,118,116,116,116,18510800,-1
616,2016-06-13,115,115,113,113,113,31718200,-2
617,2016-06-14,114,114,113,114,114,17618500,0
618,2016-06-15,115,115,114,114,114,19819400,-1
619,2016-06-16,113,114,112,114,114,19236300,1
620,2016-06-17,114,114,112,113,113,24644300,-1
621,2016-06-20,113,114,112,113,113,20785400,0
622,2016-06-21,114,115,113,114,114,19166300,0
623,2016-06-22,114,114,113,113,113,14846300,-1
624,2016-06-23,114,115,113,115,115,16176900,1
625,2016-06-24,111,113,111,112,112,40643100,1
626,2016-06-27,111,111,108,108,108,36130400,-3
627,2016-06-28,110,112,110,112,112,26813800,2
628,2016-06-29,113,114,113,114,114,20968300,1
629,2016-06-30,114,115,113,114,114,23192700,0
630,2016-07-01,114,115,113,114,114,14980000,0
631,2016-07-05,113,114,112,114,114,14207000,1
632,2016-07-06,113,116,112,116,116,24337600,3
633,2016-07-07,116,116,115,115,115,16630200,-1
634,2016-07-08,116,117,115,117,117,18142600,1
635,2016-07-11,117,118,117,117,117,17711600,0
636,2016-07-12,118,118,117,117,117,15217700,-1
637,2016-07-13,118,118,116,116,116,16207700,-2
638,2016-07-14,117,117,116,117,117,14579700,0
639,2016-07-15,117,118,116,116,116,16646000,-1
640,2016-07-18,117,119,116,119,119,20868400,2
641,2016-07-19,118,120,118,120,120,21541300,2
642,2016-07-20,121,122,120,121,121,20046500,0
643,2016-07-21,121,122,120,120,120,17801700,-1
644,2016-07-22,119,121,119,121,121,18422400,2
645,2016-07-25,121,121,117,121,121,18487400,0
646,2016-07-26,122,122,120,121,121,17612000,-1
647,2016-07-27,122,125,121,123,123,52654200,1
648,2016-07-28,127,128,123,125,125,78955800,-2
649,2016-07-29,124,125,123,123,123,35058800,-1
650,2016-08-01,123,124,122,124,124,25006900,1
651,2016-08-02,124,124,122,123,123,23968400,-1
652,2016-08-03,123,123,122,122,122,18525300,-1
653,2016-08-04,122,124,122,124,124,21066000,2
654,2016-08-05,124,125,124,125,125,20184000,1
655,2016-08-08,125,125,124,125,125,15233900,0
656,2016-08-09,125,126,124,125,125,19621000,0
657,2016-08-10,125,125,124,124,124,10670100,-1
658,2016-08-11,125,125,124,124,124,11729500,-1
659,2016-08-12,124,125,124,124,124,12159000,0
660,2016-08-15,124,124,123,123,123,19295100,-1
661,2016-08-16,123,123,122,123,123,14222400,0
662,2016-08-17,123,124,122,124,124,13794200,1
663,2016-08-18,124,124,123,123,123,12400800,-1
664,2016-08-19,123,124,123,123,123,11688300,0
665,2016-08-22,123,124,123,124,124,14386400,1
666,2016-08-23,124,125,124,124,124,13309500,0
667,2016-08-24,124,124,123,123,123,12243700,-1
668,2016-08-25,123,124,123,123,123,10730800,0
669,2016-08-26,124,125,123,124,124,17504800,0
670,2016-08-29,124,126,124,126,126,15925900,2
671,2016-08-30,126,126,125,125,125,17804300,-1
672,2016-08-31,125,126,125,126,126,14200600,1
673,2016-09-01,126,126,125,126,126,13536100,0
674,2016-09-02,126,126,126,126,126,12118800,0
675,2016-09-06,126,129,126,129,129,26278400,3
676,2016-09-07,130,131,129,131,131,27990800,1
677,2016-09-08,130,131,129,130,130,15676600,0
678,2016-09-09,129,129,127,127,127,27100700,-2
679,2016-09-12,125,128,125,128,128,21252800,3
680,2016-09-13,128,128,126,127,127,18016200,-1
681,2016-09-14,126,128,126,127,127,15691100,1
682,2016-09-15,127,129,127,128,128,15077200,1
683,2016-09-16,128,129,128,129,129,24119200,1
684,2016-09-19,129,129,128,128,128,14958800,-1
685,2016-09-20,128,129,128,128,128,11083800,0
686,2016-09-21,129,130,128,129,129,14068300,0
687,2016-09-22,130,130,129,130,130,15538300,0
688,2016-09-23,127,128,127,127,127,28326300,0
689,2016-09-26,127,128,126,127,127,15064900,0
690,2016-09-27,127,129,127,128,128,15637100,1
691,2016-09-28,129,129,128,129,129,12047600,0
692,2016-09-29,129,129,127,128,128,14532200,-1
693,2016-09-30,128,128,127,128,128,18402900,0
694,2016-10-03,128,129,127,128,128,13156900,0
695,2016-10-04,129,129,127,128,128,14307500,-1
696,2016-10-05,128,128,127,128,128,12386800,0
697,2016-10-06,128,129,128,128,128,11682700,0
698,2016-10-07,129,129,128,128,128,12804400,-1
699,2016-10-10,129,130,129,130,130,15138700,1
700,2016-10-11,130,130,128,128,128,17537900,-2
701,2016-10-12,129,129,128,129,129,11073000,0
702,2016-10-13,128,128,126,127,127,17139300,-1
703,2016-10-14,128,128,127,127,127,13345300,-1
704,2016-10-17,128,128,127,127,127,11351700,-1
705,2016-10-18,128,129,128,128,128,13504000,0
706,2016-10-19,128,130,128,130,130,16752300,2
707,2016-10-20,130,130,129,130,130,13167500,0
708,2016-10-21,129,132,129,132,132,19088800,3
709,2016-10-24,132,133,132,133,133,17470200,1
710,2016-10-25,133,133,132,132,132,13336800,-1
711,2016-10-26,131,132,130,131,131,13084700,0
712,2016-10-27,131,131,129,129,129,16741400,-2
713,2016-10-28,130,132,129,131,131,24545500,1
714,2016-10-31,132,132,130,130,130,15669000,-2
715,2016-11-01,131,131,128,129,129,22077800,-2
716,2016-11-02,130,130,126,127,127,39640900,-3
717,2016-11-03,122,123,119,120,120,63766300,-2
718,2016-11-04,119,121,119,120,120,30545500,1
719,2016-11-07,122,123,121,122,122,23008900,0
720,2016-11-08,122,124,121,124,124,19367800,2
721,2016-11-09,121,123,120,123,123,31916000,2
722,2016-11-10,123,124,115,120,120,67846700,-3
723,2016-11-11,119,120,118,119,119,32804000,0
724,2016-11-14,119,119,113,115,115,51377000,-4
725,2016-11-15,116,118,115,117,117,34681400,1
726,2016-11-16,114,117,114,116,116,32397900,2
727,2016-11-17,116,117,116,117,117,18597800,1
728,2016-11-18,118,119,116,117,117,22879300,-1
729,2016-11-21,118,121,117,121,121,35415400,3
730,2016-11-22,122,122,120,121,121,26089200,-1
731,2016-11-23,121,121,119,120,120,15672100,-1
732,2016-11-25,121,121,120,120,120,8658600,-1
733,2016-11-28,120,121,119,120,120,18101300,0
734,2016-11-29,120,122,120,120,120,18891000,0
735,2016-11-30,120,121,117,118,118,30188900,-2
736,2016-12-01,118,118,114,115,115,43277000,-3
737,2016-12-02,115,116,114,115,115,25070400,0
738,2016-12-05,115,117,115,117,117,20201500,2
739,2016-12-06,117,117,116,117,117,19131200,0
740,2016-12-07,117,117,116,117,117,21913700,0
741,2016-12-08,117,119,117,118,118,22442800,1
742,2016-12-09,119,119,118,119,119,17464700,0
743,2016-12-12,119,119,117,117,117,17805500,-2
744,2016-12-13,117,121,117,120,120,29768000,3
745,2016-12-14,120,121,118,120,120,25913100,0
746,2016-12-15,120,122,119,120,120,20139600,0
747,2016-12-16,120,121,119,119,119,25324300,-1
748,2016-12-19,119,120,118,119,119,15918100,0
749,2016-12-20,119,119,118,119,119,13684400,0
750,2016-12-21,118,119,118,119,119,10767600,1
751,2016-12-22,118,118,116,117,117,16258600,-1
752,2016-12-23,117,117,116,117,117,10890000,0
753,2016-12-27,116,118,116,118,118,12051500,2
754,2016-12-28,118,118,116,116,116,12087400,-2
755,2016-12-29,117,117,116,116,116,9934900,-1
756,2016-12-30,116,116,114,115,115,18684100,-1
757,2017-01-03,116,117,115,116,116,20663900,0
758,2017-01-04,117,119,117,118,118,19630900,1
759,2017-01-05,118,120,118,120,120,19492200,2
760,2017-01-06,120,123,120,123,123,28545300,3
761,2017-01-09,123,125,123,124,124,22880400,1
762,2017-01-10,124,125,124,124,124,17324600,0
763,2017-01-11,124,126,124,126,126,18356500,2
764,2017-01-12,125,126,124,126,126,18653900,1
765,2017-01-13,127,129,127,128,128,24884300,1
766,2017-01-17,128,128,127,127,127,15294500,-1
767,2017-01-18,128,128,126,127,127,13145900,-1
768,2017-01-19,128,128,127,127,127,12195500,-1
769,2017-01-20,128,128,126,127,127,19097200,-1
770,2017-01-23,127,129,126,128,128,16593600,1
771,2017-01-24,129,129,128,129,129,15162700,0
772,2017-01-25,130,131,129,131,131,18731300,1
773,2017-01-26,131,133,131,132,132,20020100,1
774,2017-01-27,132,132,131,132,132,19539500,0
775,2017-01-30,131,131,129,130,130,18956100,-1
776,2017-01-31,130,130,129,130,130,19790500,0
777,2017-02-01,132,133,130,133,133,50139800,1
778,2017-02-02,133,135,130,130,130,54366400,-3
779,2017-02-03,131,132,130,130,130,24804900,-1
780,2017-02-06,130,132,130,132,132,17058500,2
781,2017-02-07,132,133,131,131,131,14596400,-1
782,2017-02-08,132,134,132,134,134,22390600,2
783,2017-02-09,134,134,133,134,134,16470600,0
784,2017-02-10,134,134,133,134,134,15061900,0
785,2017-02-13,134,134,133,134,134,13526200,0
786,2017-02-14,134,134,132,133,133,14364900,-1
787,2017-02-15,133,133,132,133,133,13226500,0
788,2017-02-16,133,133,133,133,133,12831100,0
789,2017-02-17,133,134,133,133,133,12276500,0
790,2017-02-21,133,133,132,133,133,14759100,0
791,2017-02-22,133,136,133,136,136,27360100,3
792,2017-02-23,135,136,134,135,135,18422500,0
793,2017-02-24,134,135,134,135,135,12625700,1
794,2017-02-27,135,137,135,136,136,14306700,1
795,2017-02-28,136,136,134,135,135,16112100,-1
796,2017-03-01,136,137,136,137,137,16257000,1
797,2017-03-02,137,137,136,136,136,12294800,-1
798,2017-03-03,136,137,136,137,137,11160600,1
799,2017-03-06,136,137,136,137,137,12748200,1
800,2017-03-07,137,138,136,137,137,13527100,0
801,2017-03-08,137,137,137,137,137,10184500,0
802,2017-03-09,137,138,137,138,138,15535300,1
803,2017-03-10,138,139,138,138,138,16314100,0
804,2017-03-13,138,139,138,139,139,10955500,1
805,2017-03-14,139,139,138,139,139,12944000,0
806,2017-03-15,139,140,138,139,139,19344800,0
807,2017-03-16,140,140,139,139,139,13612900,-1
808,2017-03-17,140,140,139,139,139,20592800,-1
809,2017-03-20,139,140,139,139,139,12099500,0
810,2017-03-21,141,142,138,138,138,29894800,-3
811,2017-03-22,137,139,137,139,139,17055400,2
812,2017-03-23,139,140,139,139,139,13022800,0
813,2017-03-24,140,141,139,140,140,16664700,0
814,2017-03-27,139,140,138,140,140,12800500,1
815,2017-03-28,140,141,140,141,141,14679400,1
816,2017-03-29,141,142,141,142,142,16527600,1
817,2017-03-30,142,142,141,142,142,12404000,0
818,2017-03-31,142,142,141,142,142,11478300,0
819,2017-04-03,141,142,140,142,142,13564000,1
820,2017-04-04,141,142,141,141,141,12948600,0
821,2017-04-05,142,143,141,141,141,17158100,-1
822,2017-04-06,142,142,140,141,141,15103400,-1
823,2017-04-07,141,141,140,140,140,11818300,-1
824,2017-04-10,141,141,140,141,141,9039400,0
825,2017-04-11,140,141,138,139,139,16638100,-1
826,2017-04-12,139,140,139,139,139,11612500,0
827,2017-04-13,139,140,139,139,139,10965600,0
828,2017-04-17,139,141,139,141,141,11519700,2
829,2017-04-18,141,141,140,140,140,14807500,-1
830,2017-04-19,141,143,141,142,142,15563900,1
831,2017-04-20,142,144,142,143,143,15968200,1
832,2017-04-21,143,144,142,143,143,12382000,0
833,2017-04-24,144,145,144,145,145,14407200,1
834,2017-04-25,145,147,145,146,146,17767500,1
835,2017-04-26,147,147,146,146,146,12395000,-1
836,2017-04-27,146,147,146,147,147,11275100,1
837,2017-04-28,149,151,149,150,150,30652200,1
838,2017-05-01,151,152,151,152,152,25218300,1
839,2017-05-02,153,153,151,152,152,21870400,-1
840,2017-05-03,153,153,151,151,151,29782500,-2
841,2017-05-04,150,151,148,150,150,36225500,0
842,2017-05-05,151,151,149,150,150,17148500,-1
843,2017-05-08,150,151,149,151,151,15827500,1
844,2017-05-09,151,152,150,150,150,17453900,-1
845,2017-05-10,150,150,148,150,150,12080700,0
846,2017-05-11,150,150,149,150,150,11841900,0
847,2017-05-12,150,150,149,150,150,9598200,0
848,2017-05-15,150,151,149,150,150,15064700,0
849,2017-05-16,150,150,149,149,149,14550800,-1
850,2017-05-17,148,148,144,144,144,28300100,-4
851,2017-05-18,144,148,144,147,147,23031600,3
852,2017-05-19,148,149,147,148,148,16187900,0
853,2017-05-22,148,148,147,148,148,12586700,0
854,2017-05-23,148,148,147,148,148,12817800,0
855,2017-05-24,148,150,148,150,150,17862400,2
856,2017-05-25,150,152,149,151,151,19891400,1
857,2017-05-26,152,152,151,152,152,14996200,0
858,2017-05-30,151,152,151,152,152,13226000,1
859,2017-05-31,152,153,151,151,151,18023900,-1
860,2017-06-01,151,152,150,151,151,14530600,0
861,2017-06-02,151,153,151,153,153,16854400,2
862,2017-06-05,153,154,153,153,153,12520400,0
863,2017-06-06,153,154,152,152,152,13457100,-1
864,2017-06-07,153,153,152,153,153,12066700,0
865,2017-06-08,154,154,153,154,154,17799400,0
866,2017-06-09,154,155,146,149,149,35577700,-5
867,2017-06-12,148,149,144,148,148,33170200,0
868,2017-06-13,150,151,148,150,150,20483400,0
869,2017-06-14,151,152,149,150,150,20808800,-1
870,2017-06-15,147,150,146,149,149,18994200,2
871,2017-06-16,149,150,148,150,150,22882400,1
872,2017-06-19,151,153,151,152,152,19026500,1
873,2017-06-20,152,153,152,152,152,14743900,0
874,2017-06-21,152,154,151,153,153,15039800,1
875,2017-06-22,153,154,152,153,153,13005500,0
876,2017-06-23,152,155,152,155,155,18027000,3
877,2017-06-26,156,156,153,153,153,18049700,-3
878,2017-06-27,152,153,150,150,150,19360800,-2
879,2017-06-28,150,153,149,153,153,16719100,3
880,2017-06-29,152,152,148,151,151,23973500,-1
881,2017-06-30,151,151,150,150,150,17666000,-1
882,2017-07-03,151,152,147,148,148,13862700,-3
883,2017-07-05,149,150,148,150,150,14334300,1
884,2017-07-06,149,150,148,148,148,14951800,-1
885,2017-07-07,149,151,149,151,151,13615900,2
886,2017-07-10,151,153,151,153,153,13378700,2
887,2017-07-11,153,155,152,155,155,13667700,2
888,2017-07-12,156,159,156,158,158,22739400,2
889,2017-07-13,158,159,158,159,159,13929200,1
890,2017-07-14,160,160,159,159,159,16371200,-1
891,2017-07-17,160,160,158,159,159,12858800,-1
892,2017-07-18,159,163,159,162,162,23722900,3
893,2017-07-19,163,165,163,164,164,26273600,1
894,2017-07-20,164,165,162,164,164,18523100,0
895,2017-07-21,164,165,163,164,164,14744000,0
896,2017-07-24,164,166,164,166,166,17367000,2
897,2017-07-25,165,165,163,165,165,15383200,0
898,2017-07-26,166,166,164,165,165,35236900,-1
899,2017-07-27,174,175,167,170,170,68910700,-4
900,2017-07-28,169,173,169,172,172,24557600,3
901,2017-07-31,172,172,168,169,169,25478900,-3
902,2017-08-01,169,170,169,169,169,14385000,0
903,2017-08-02,170,170,166,169,169,17433800,-1
904,2017-08-03,169,169,168,168,168,10793800,-1
905,2017-08-04,168,170,168,169,169,10777700,1
906,2017-08-07,169,172,169,171,171,12787800,2
907,2017-08-08,171,173,170,171,171,14393500,0
908,2017-08-09,169,171,169,171,171,10815000,2
909,2017-08-10,170,170,166,167,167,20832700,-3
910,2017-08-11,167,168,166,168,168,13791200,1
911,2017-08-14,170,171,169,170,170,12954200,0
912,2017-08-15,171,171,170,171,171,8729200,0
913,2017-08-16,171,171,169,170,170,15779900,-1
914,2017-08-17,169,169,166,166,166,17216000,-3
915,2017-08-18,166,168,166,167,167,15093600,1
916,2017-08-21,167,168,165,167,167,11907500,0
917,2017-08-22,168,169,167,169,169,11391000,1
918,2017-08-23,168,169,168,168,168,9856500,0
919,2017-08-24,168,169,166,167,167,14030400,-1
920,2017-08-25,167,168,166,166,166,12614500,-1
921,2017-08-28,166,167,166,167,167,8553700,1
922,2017-08-29,165,168,165,168,168,11121000,3
923,2017-08-30,168,170,167,169,169,11138300,1
924,2017-08-31,170,172,170,171,171,17226500,1
925,2017-09-01,172,172,171,172,172,11677600,0
926,2017-09-05,171,172,169,170,170,13210900,-1
927,2017-09-06,170,172,169,172,172,13906300,2
928,2017-09-07,171,173,170,173,173,18049500,2
929,2017-09-08,173,173,170,170,170,10998500,-3
930,2017-09-11,172,173,172,173,173,12372000,1
931,2017-09-12,173,174,171,172,172,11186300,-1
932,2017-09-13,173,173,172,173,173,9119300,0
933,2017-09-14,172,172,170,170,170,15615700,-2
934,2017-09-15,170,172,170,171,171,15660500,1
935,2017-09-18,171,172,169,170,170,12954000,-1
936,2017-09-19,170,172,170,172,172,13168600,2
937,2017-09-20,172,173,170,172,172,12264100,0
938,2017-09-21,171,172,170,171,171,11161400,0
939,2017-09-22,170,171,169,170,170,12097100,0
940,2017-09-25,169,169,161,162,162,41251600,-7
941,2017-09-26,164,165,162,164,164,23363300,0
942,2017-09-27,165,168,165,167,167,19242500,2
943,2017-09-28,167,169,167,168,168,12178700,1
944,2017-09-29,168,171,168,170,170,15340400,2
945,2017-10-02,171,171,168,169,169,13392300,-2
946,2017-10-03,169,170,169,169,169,8190300,0
947,2017-10-04,169,170,168,168,168,12127900,-1
948,2017-10-05,169,171,168,171,171,14580600,2
949,2017-10-06,170,172,169,172,172,13124500,2
950,2017-10-09,172,174,172,172,172,14570400,0
951,2017-10-10,173,173,170,171,171,11341100,-2
952,2017-10-11,171,172,171,172,172,11283700,1
953,2017-10-12,172,173,172,172,172,10351000,0
954,2017-10-13,173,174,173,173,173,13658300,0
955,2017-10-16,174,175,174,174,174,11498800,0
956,2017-10-17,174,176,174,176,176,15990100,2
957,2017-10-18,176,176,175,176,176,12752400,0
958,2017-10-19,174,176,172,174,174,14048400,0
959,2017-10-20,175,175,174,174,174,12602200,-1
960,2017-10-23,175,175,171,171,171,13852700,-4
961,2017-10-24,172,173,171,171,171,12267900,-1
962,2017-10-25,171,172,168,170,170,15868200,-1
963,2017-10-26,171,172,170,170,170,11833100,-1
964,2017-10-27,174,178,173,177,177,30285300,3
965,2017-10-30,179,180,177,179,179,24353200,0
966,2017-10-31,180,180,178,180,180,20174200,0
967,2017-11-01,182,182,180,182,182,40918300,0
968,2017-11-02,180,181,177,178,178,35529900,-2
969,2017-11-03,179,179,176,178,178,17822100,-1
970,2017-11-06,178,180,178,180,180,13312700,2
971,2017-11-07,180,180,178,180,180,12928200,0
972,2017-11-08,179,180,179,179,179,10494100,0
973,2017-11-09,178,179,177,179,179,12610300,1
974,2017-11-10,178,179,177,178,178,11070200,0
975,2017-11-13,177,179,177,178,178,9523400,1
976,2017-11-14,178,178,177,178,178,9585900,0
977,2017-11-15,176,178,176,177,177,10253700,1
978,2017-11-16,178,179,178,179,179,15607600,1
979,2017-11-17,179,179,178,179,179,13018000,0
980,2017-11-20,178,179,178,178,178,10052400,0
981,2017-11-21,179,181,178,181,181,14504000,2
982,2017-11-22,181,181,180,180,180,10376300,-1
983,2017-11-24,180,183,180,182,182,9426300,2
984,2017-11-27,182,183,181,183,183,12344500,1
985,2017-11-28,183,184,182,182,182,14379700,-1
986,2017-11-29,181,181,174,175,175,41933500,-6
987,2017-11-30,176,178,175,177,177,25307600,1
988,2017-12-01,176,177,172,175,175,20182500,-1
989,2017-12-04,176,176,170,171,171,24459400,-5
990,2017-12-05,170,175,169,172,172,20184900,2
991,2017-12-06,172,176,171,176,176,20255800,4
992,2017-12-07,175,180,175,180,180,20404500,5
993,2017-12-08,181,182,178,179,179,19883800,-2
994,2017-12-11,179,180,178,179,179,13168600,0
995,2017-12-12,178,179,176,176,176,16854100,-2
996,2017-12-13,177,179,177,178,178,14615700,1
997,2017-12-14,178,180,177,178,178,13591000,0
998,2017-12-15,179,180,178,180,180,28463100,1
999,2017-12-18,181,181,179,180,180,17265400,-1
1000,2017-12-19,179,180,178,179,179,14920600,0
1001,2017-12-20,179,179,177,177,177,11860500,-2
1002,2017-12-21,177,178,177,177,177,11600700,0
1003,2017-12-22,177,177,176,177,177,8487000,0
1004,2017-12-26,176,177,174,175,175,8897300,-1
1005,2017-12-27,176,178,176,177,177,9496100,1
1006,2017-12-28,177,178,177,177,177,12220800,0
1007,2017-12-29,178,178,176,176,176,10178700,-2
1008,2018-01-02,177,181,177,181,181,18151900,4
1009,2018-01-03,181,184,181,184,184,16886600,3
1010,2018-01-04,184,186,184,184,184,13880900,0
1011,2018-01-05,185,186,184,186,186,13574500,1
1012,2018-01-08,187,188,186,188,188,17994700,1
1013,2018-01-09,188,188,187,187,187,12393100,-1
1014,2018-01-10,186,187,185,187,187,10529900,1
1015,2018-01-11,188,188,187,187,187,9588600,-1
1016,2018-01-12,178,181,177,179,179,77306900,1
1017,2018-01-16,181,181,178,178,178,36183800,-3
1018,2018-01-17,179,179,175,177,177,27992400,-2
1019,2018-01-18,178,180,177,179,179,23304900,1
1020,2018-01-19,180,182,180,181,181,26826500,1
1021,2018-01-22,180,185,180,185,185,21059500,5
1022,2018-01-23,186,189,185,189,189,25678800,3
1023,2018-01-24,189,190,186,186,186,24334500,-3
1024,2018-01-25,187,188,186,187,187,17377700,0
1025,2018-01-26,187,190,186,190,190,17759200,3
1026,2018-01-29,188,188,185,185,185,20453200,-3
1027,2018-01-30,187,188,181,187,187,20858600,0
1028,2018-01-31,188,189,185,186,186,43275100,-2
1029,2018-02-01,188,195,187,193,193,54211300,5
1030,2018-02-02,192,194,189,190,190,26677500,-2
1031,2018-02-05,186,190,180,181,181,33128200,-5
1032,2018-02-06,178,185,177,185,185,37758500,7
1033,2018-02-07,184,185,179,180,180,27601900,-4
1034,2018-02-08,181,181,171,171,171,38478300,-10
1035,2018-02-09,174,176,167,176,176,39887600,2
1036,2018-02-12,177,177,171,176,176,32092100,-1
1037,2018-02-13,175,175,173,173,173,21809400,-2
1038,2018-02-14,173,179,173,179,179,28929700,6
1039,2018-02-15,180,180,176,179,179,20922100,-1
1040,2018-02-16,178,179,176,177,177,20645300,-1
1041,2018-02-20,175,177,175,176,176,21204900,1
1042,2018-02-21,176,181,176,177,177,23200800,1
1043,2018-02-22,178,180,177,178,178,18464200,0
1044,2018-02-23,179,183,179,183,183,19007300,4
1045,2018-02-26,184,185,183,184,184,17599700,0
1046,2018-02-27,184,184,181,181,181,15849800,-3
1047,2018-02-28,182,182,178,178,178,18783000,-4
1048,2018-03-01,179,180,174,175,175,23201600,-4
1049,2018-03-02,173,177,172,176,176,20025900,3
1050,2018-03-05,176,181,175,180,180,16189300,4
1051,2018-03-06,181,182,179,179,179,15086800,-2
1052,2018-03-07,178,183,178,183,183,19097300,5
1053,2018-03-08,183,184,181,182,182,17225900,-1
1054,2018-03-09,183,185,183,185,185,18526300,2
1055,2018-03-12,185,186,184,184,184,15301200,-1
1056,2018-03-13,185,185,181,181,181,18067500,-4
1057,2018-03-14,182,184,181,184,184,16821700,2
1058,2018-03-15,183,184,182,183,183,15614300,0
1059,2018-03-16,184,185,183,185,185,24403400,1
1060,2018-03-19,177,177,170,172,172,88140100,-5
1061,2018-03-20,167,170,161,168,168,129851800,1
1062,2018-03-21,164,173,163,169,169,105920200,5
1063,2018-03-22,166,170,163,164,164,73743000,-2
1064,2018-03-23,165,166,159,159,159,53609700,-6
1065,2018-03-26,160,161,149,160,160,126116600,0
1066,2018-03-27,156,162,150,152,152,79117000,-4
1067,2018-03-28,151,155,150,153,153,60029200,2
1068,2018-03-29,155,161,154,159,159,59434300,4
1069,2018-04-02,157,159,154,155,155,36796000,-2
1070,2018-04-03,156,157,150,156,156,42543900,0
1071,2018-04-04,152,155,150,155,155,49885600,3
1072,2018-04-05,161,161,156,159,159,41449600,-2
1073,2018-04-06,157,161,156,157,157,41644800,0
1074,2018-04-09,157,160,156,157,157,34915200,0
1075,2018-04-10,157,165,157,165,165,57889300,8
1076,2018-04-11,165,168,163,166,166,56144600,1
1077,2018-04-12,166,167,163,163,163,38263000,-3
1078,2018-04-13,164,165,163,164,164,19990600,0
1079,2018-04-16,165,165,163,164,164,18119400,-1
1080,2018-04-17,165,169,165,168,168,21716700,3
1081,2018-04-18,166,168,165,166,166,20969600,0
1082,2018-04-19,166,168,165,168,168,22235000,2
1083,2018-04-20,167,168,165,166,166,19119400,-1
1084,2018-04-23,167,168,165,165,165,23088100,-2
1085,2018-04-24,165,166,158,159,159,35079900,-6
1086,2018-04-25,160,161,156,159,159,41083600,-1
1087,2018-04-26,173,176,170,174,174,77556900,1
1088,2018-04-27,176,177,172,173,173,29804700,-3
1089,2018-04-30,173,175,171,172,172,20750500,-1
1090,2018-05-01,172,174,170,173,173,26025900,1
1091,2018-05-02,174,178,174,176,176,30424500,2
1092,2018-05-03,175,176,172,174,174,24026100,-1
1093,2018-05-04,173,176,173,176,176,17677800,3
1094,2018-05-07,177,179,177,177,177,18697200,0
1095,2018-05-08,178,179,177,178,178,15577200,0
1096,2018-05-09,179,183,178,182,182,23282800,3
1097,2018-05-10,183,186,182,185,185,21071400,2
1098,2018-05-11,184,188,184,186,186,21207800,2
1099,2018-05-14,187,187,186,186,186,15646700,-1
1100,2018-05-15,184,185,183,184,184,15429400,0
1101,2018-05-16,183,184,182,183,183,16975500,0
1102,2018-05-17,182,184,182,183,183,14840700,1
1103,2018-05-18,183,184,182,182,182,13130500,-1
1104,2018-05-21,183,185,183,184,184,13532900,1
1105,2018-05-22,184,185,183,183,183,12731400,-1
1106,2018-05-23,182,186,182,186,186,16628100,4
1107,2018-05-24,185,186,185,185,185,12354700,0
1108,2018-05-25,186,186,184,184,184,10965100,-2
1109,2018-05-29,184,186,183,185,185,16398900,1
1110,2018-05-30,186,188,185,187,187,13736900,1
1111,2018-05-31,187,192,187,191,191,30782600,4
1112,2018-06-01,193,194,192,193,193,17307200,0
1113,2018-06-04,191,193,191,193,193,18939800,2
1114,2018-06-05,194,195,192,192,192,15544300,-2
1115,2018-06-06,191,192,189,191,191,22558900,0
1116,2018-06-07,190,190,186,188,188,21503200,-2
1117,2018-06-08,187,189,186,189,189,12677100,2
1118,2018-06-11,188,192,188,191,191,12928900,3
1119,2018-06-12,192,193,191,192,192,11562700,0
1120,2018-06-13,192,194,191,192,192,15853800,0
1121,2018-06-14,193,197,192,196,196,19120900,3
1122,2018-06-15,195,197,194,195,195,21860900,0
1123,2018-06-18,194,199,194,198,198,16826000,4
1124,2018-06-19,196,197,193,197,197,19994000,1
1125,2018-06-20,199,203,198,202,202,28230900,3
1126,2018-06-21,202,203,200,201,201,19045700,-1
1127,2018-06-22,201,202,199,201,201,17420200,0
1128,2018-06-25,200,200,193,196,196,25275100,-4
1129,2018-06-26,197,199,196,199,199,17897600,2
1130,2018-06-27,199,200,195,195,195,18734400,-4
1131,2018-06-28,195,197,193,196,196,18172400,1
1132,2018-06-29,197,197,193,194,194,15811600,-3
1133,2018-07-02,193,197,192,197,197,13961600,4
1134,2018-07-03,194,195,192,192,192,13489500,-2
1135,2018-07-05,194,198,194,198,198,19684200,4
1136,2018-07-06,198,203,197,203,203,19740100,5
1137,2018-07-09,204,205,202,204,204,18149400,0
1138,2018-07-10,204,204,202,203,203,13190100,-1
1139,2018-07-11,202,204,201,202,202,12927400,0
1140,2018-07-12,203,207,203,206,206,15454700,3
1141,2018-07-13,207,208,206,207,207,11486800,0
1142,2018-07-16,207,208,206,207,207,11078200,0
1143,2018-07-17,204,210,204,209,209,15349900,5
1144,2018-07-18,209,210,208,209,209,15334900,0
1145,2018-07-19,208,209,207,208,208,11350400,0
1146,2018-07-20,208,211,208,209,209,16163900,1
1147,2018-07-23,210,211,208,210,210,16732000,0
1148,2018-07-24,215,216,212,214,214,28468700,-1
1149,2018-07-25,215,218,214,217,217,58954200,2
1150,2018-07-26,174,180,173,176,176,169803700,2
1151,2018-07-27,179,179,173,174,174,60073700,-5
1152,2018-07-30,175,175,166,171,171,65280800,-4
1153,2018-07-31,170,174,170,172,172,40356500,2
1154,2018-08-01,173,175,170,171,171,34042100,-2
1155,2018-08-02,170,176,170,176,176,32400000,6
1156,2018-08-03,177,178,176,177,177,24763400,0
1157,2018-08-06,178,185,178,185,185,49716200,7
1158,2018-08-07,186,188,183,183,183,33398600,-3
1159,2018-08-08,184,186,183,185,185,22205200,1
1160,2018-08-09,185,186,182,183,183,19696700,-2
1161,2018-08-10,182,182,179,180,180,21500400,-2
1162,2018-08-13,180,182,178,180,180,17369400,0
1163,2018-08-14,180,181,178,181,181,19102000,1
1164,2018-08-15,179,180,174,179,179,33020200,0
1165,2018-08-16,180,180,174,174,174,31351800,-6
1166,2018-08-17,174,176,172,173,173,24893200,-1
1167,2018-08-20,174,174,170,172,172,21518000,-2
1168,2018-08-21,172,174,171,172,172,19578500,0
1169,2018-08-22,172,174,172,173,173,16894100,1
1170,2018-08-23,173,175,172,172,172,18053600,-1
1171,2018-08-24,173,174,172,174,174,14631600,1
1172,2018-08-27,175,178,175,177,177,17921900,2
1173,2018-08-28,178,178,175,176,176,15910700,-2
1174,2018-08-29,176,176,174,175,175,18494100,-1
1175,2018-08-30,175,179,175,177,177,24216500,2
1176,2018-08-31,177,177,174,175,175,18065200,-2
1177,2018-09-04,173,173,168,171,171,29809000,-2
1178,2018-09-05,169,171,166,167,167,31226700,-2
1179,2018-09-06,166,166,160,162,162,41514800,-4
1180,2018-09-07,160,164,160,163,163,24300600,3
1181,2018-09-10,163,165,162,164,164,20197700,1
1182,2018-09-11,163,167,163,165,165,20457100,2
1183,2018-09-12,163,164,161,162,162,24078100,-1
1184,2018-09-13,162,163,160,161,161,25453800,-1
1185,2018-09-14,161,162,160,162,162,21770400,1
1186,2018-09-17,161,162,159,160,160,21005300,-1
1187,2018-09-18,159,161,158,160,160,22465200,1
1188,2018-09-19,160,163,159,163,163,19629000,3
1189,2018-09-20,164,166,164,166,166,18824200,2
1190,2018-09-21,166,167,162,162,162,45994800,-4
1191,2018-09-24,161,165,160,165,165,19222800,4
1192,2018-09-25,161,165,161,164,164,27622800,3
1193,2018-09-26,164,169,164,166,166,25252200,2
1194,2018-09-27,167,171,167,168,168,27266900,1
1195,2018-09-28,168,168,162,164,164,34265600,-4
1196,2018-10-01,163,165,161,162,162,26407700,-1
1197,2018-10-02,161,162,158,159,159,36031000,-2
1198,2018-10-03,160,163,159,162,162,23109500,2
1199,2018-10-04,161,161,157,158,158,25739600,-3
1200,2018-10-05,159,160,156,157,157,25744000,-2
1201,2018-10-08,155,158,154,157,157,24046000,2
1202,2018-10-09,157,160,157,157,157,18844400,0
1203,2018-10-10,156,157,151,151,151,30610000,-5
1204,2018-10-11,150,154,149,153,153,35338900,3
1205,2018-10-12,156,156,151,153,153,25293500,-3
1206,2018-10-15,153,155,152,153,153,15433500,0
1207,2018-10-16,155,159,155,158,158,19180100,3
1208,2018-10-17,159,160,157,159,159,17592000,0
1209,2018-10-18,158,158,153,154,154,21675100,-4
1210,2018-10-19,155,157,153,154,154,19761300,-1
1211,2018-10-22,154,157,154,154,154,15424700,0
1212,2018-10-23,151,154,150,154,154,19095000,3
1213,2018-10-24,154,154,145,146,146,27744600,-8
1214,2018-10-25,147,152,147,150,150,22105700,3
1215,2018-10-26,145,149,143,145,145,31303300,0
1216,2018-10-29,148,148,139,142,142,31336800,-6
1217,2018-10-30,139,146,139,146,146,50528300,7
1218,2018-10-31,155,156,148,151,151,60101300,-4
1219,2018-11-01,151,152,149,151,151,25640800,0
1220,2018-11-02,151,154,148,150,150,24708700,-1
1221,2018-11-05,150,150,147,148,148,15971200,-2
1222,2018-11-06,149,150,148,149,149,16667100,0
1223,2018-11-07,151,153,149,151,151,21877400,0
1224,2018-11-08,150,150,146,147,147,24145800,-3
1225,2018-11-09,146,147,144,144,144,17326900,-2
1226,2018-11-12,144,145,140,141,141,18542100,-3
1227,2018-11-13,142,144,141,142,142,15141700,0
1228,2018-11-14,143,145,141,144,144,22068400,1
1229,2018-11-15,142,144,140,143,143,30320300,1
1230,2018-11-16,141,141,137,139,139,37250600,-2
1231,2018-11-19,137,137,131,131,131,44362700,-6
1232,2018-11-20,127,134,126,132,132,41939500,5
1233,2018-11-21,134,137,134,134,134,25469700,0
1234,2018-11-23,133,134,131,131,131,11886100,-2
1235,2018-11-26,133,137,132,136,136,24263600,3
1236,2018-11-27,135,136,133,135,135,20750300,0
1237,2018-11-28,136,136,131,136,136,29847500,0
1238,2018-11-29,135,139,135,138,138,24238700,3
1239,2018-11-30,138,140,137,140,140,25732600,2
1240,2018-12-03,143,143,140,141,141,24819200,-2
1241,2018-12-04,140,143,137,137,137,30307400,-3
1242,2018-12-06,133,139,133,139,139,28218100,6
1243,2018-12-07,139,140,136,137,137,21195500,-2
1244,2018-12-10,139,143,139,141,141,26422200,2
1245,2018-12-11,143,143,141,142,142,20300300,-1
1246,2018-12-12,143,147,142,144,144,23696900,1
1247,2018-12-13,145,145,143,145,145,18148600,0
1248,2018-12-14,143,146,142,144,144,21785800,1
1249,2018-12-17,143,144,138,140,140,24334000,-3
1250,2018-12-18,141,145,139,143,143,24709100,2
1251,2018-12-19,141,144,132,133,133,57404900,-8
1252,2018-12-20,130,135,130,133,133,40297900,3
1253,2018-12-21,133,134,123,124,124,56901500,-9
1254,2018-12-24,123,129,123,124,124,22066000,1
1255,2018-12-26,126,134,125,134,134,39723400,8
1256,2018-12-27,132,134,129,134,134,31202500,2
1257,2018-12-28,135,135,132,133,133,22627600,-2
1258,2018-12-31,134,134,129,131,131,24625300,-3
